gemeinde_bezeichnung;wahlbeteiligung
Aeugst am Albis;55.366027008
Affoltern am Albis;42.144638404
Bonstetten;54.342499319
Hausen am Albis;53.409538825
Hedingen;53.976377953
Kappel am Albis;48.958333333
Knonau;46.519410977
Maschwanden;47.450110865
Mettmenstetten;50.456621005
Obfelden;43.129988597
Ottenbach;52.375809935
Rifferswil;58.575197889
Stallikon;47.482014388
Wettswil am Albis;52.246207701
Adlikon;55.443548387
Benken (ZH);47.203947368
Berg am Irchel;56.637168142
Buch am Irchel;52.99270073
Dachsen;45.907738095
Dorf;48.024948025
Feuerthalen;39.559471366
Flaach;50.720164609
Flurlingen;50.779727096
Andelfingen;56.200527704
Henggart;51.545117429
Humlikon;53.581661891
Kleinandelfingen;48.834019204
Laufen-Uhwiesen;48.504446241
Marthalen;56.685633001
Ossingen;50.122050448
Rheinau;53.534183082
Thalheim an der Thur;47.932618683
Trüllikon;49.318463445
Truttikon;58.611111111
Volken;53.658536585
Bachenbülach;40.487421384
Bassersdorf;38.010061487
Bülach;39.058306904
Dietlikon;41.034846885
Eglisau;47.375
Embrach;35.551888522
Freienstein-Teufen;52.488151659
Glattfelden;38.774214036
Hochfelden;45.352323838
Höri;32.708468003
Hüntwangen;49.525101764
Kloten;31.922798115
Lufingen;43.925233645
Nürensdorf;45.382854236
Oberembrach;53.152039555
Opfikon;27.069687534
Rafz;46.916524702
Rorbas;36.895034569
Wallisellen;38.481785639
Wasterkingen;49.516908213
Wil (ZH);52.283770651
Winkel;46.502311248
Bachs;56.44028103
Boppelsen;53.830645161
Buchs (ZH);33.736489964
Dällikon;34.977016298
Dänikon;44.525547445
Dielsdorf;37.783751493
Hüttikon;44.006849315
Neerach;47.729220223
Niederglatt;37.073007368
Niederhasli;36.515124072
Niederweningen;47.079037801
Oberglatt;27.51528627
Oberweningen;47.497879559
Otelfingen;47.206703911
Regensberg;52.293577982
Regensdorf;33.261494253
Rümlang;33.696599826
Schleinikon;47.191011236
Schöfflisdorf;49.63655244
Stadel;42.884130982
Steinmaur;46.502057613
Weiach;32.136445242
Bäretswil;48.843612335
Bubikon;49.239946123
Dürnten;44.690711263
Fischenthal;43.753735804
Gossau (ZH);46.081592598
Grüningen;44.930417495
Hinwil;45.006535948
Rüti (ZH);40.85413929
Seegräben;52.971311475
Wald (ZH);41.07495069
Wetzikon (ZH);39.553295572
Adliswil;41.233633388
Kilchberg (ZH);52.657299939
Langnau am Albis;43.514644351
Oberrieden;54.954682779
Richterswil;44.518272425
Rüschlikon;50.711474417
Thalwil;48.44738084
Erlenbach (ZH);55.346449957
Herrliberg;55.059164453
Hombrechtikon;45.478397761
Küsnacht (ZH);54.203062961
Männedorf;53.594238348
Meilen;54.255437814
Oetwil am See;36.543390699
Stäfa;52.586119297
Uetikon am See;52.382121807
Zumikon;57.291357291
Zollikon;54.4153047
Fehraltorf;44.274444179
Hittnau;49.109792285
Lindau;45.510835913
Pfäffikon;48.105210671
Russikon;51.329787234
Weisslingen;49.202453988
Wila;48.011569053
Wildberg;56.611570248
Dübendorf;36.118925831
Egg;49.001401542
Fällanden;42.515651679
Greifensee;47.545295149
Maur;51.866846604
Mönchaltorf;50.786344457
Schwerzenbach;42.958656331
Uster;48.718183903
Volketswil;37.482155603
Wangen-Brüttisellen;35.960801023
Altikon;55.642023346
Brütten;55.23255814
Dägerlen;55.731225296
Dättlikon;59.040590406
Dinhard;53.219233904
Ellikon an der Thur;46.581875994
Elsau;48.203221809
Hagenbuch;45.74742268
Hettlingen;56.211989574
Neftenbach;47.110998479
Pfungen;39.744155271
Rickenbach (ZH);47.57591902
Schlatt (ZH);53.803339518
Seuzach;46.746002231
Turbenthal;42.580019399
Winterthur;47.064035326
Zell (ZH);40.030991736
Aesch (ZH);54.431599229
Birmensdorf (ZH);47.574718275
Dietikon;31.763649718
Geroldswil;36.285320469
Oberengstringen;35.877659574
Oetwil an der Limmat;40.55745165
Schlieren;28.588516746
Uitikon;56.4717477
Unterengstringen;40.699588477
Urdorf;40.199934448
Weiningen (ZH);42.805755396
Zürich;47.464774247
Stammheim;57.367387033
Wädenswil;47.989648425
Elgg;48.072837633
Horgen;41.981203577
Illnau-Effretikon;41.765442806
Bauma;47.945610405
Wiesendangen;51.17203851
Aarberg;45.308310992
Bargen (BE);47.786458333
Grossaffoltern;49.419087137
Kallnach;43.976261128
Kappelen;46.869244936
Lyss;42.201921266
Meikirch;59.806910569
Radelfingen;51.061776062
Rapperswil (BE);45.274102079
Schüpfen;50.017271157
Seedorf (BE);50.98989899
Aarwangen;41.76744186
Auswil;41.968911917
Bannwil;43.366336634
Bleienbach;44.809688581
Busswil bei Melchnau;53.216374269
Gondiswil;47.603305785
Langenthal;43.572555205
Lotzwil;44.188658057
Madiswil;49.295774648
Melchnau;43.194192377
Obersteckholz;44.166666667
Oeschenbach;36.597938144
Reisiswil;38.194444444
Roggwil (BE);40.683339204
Rohrbach;37.12
Rohrbachgraben;60.383386581
Rütschelen;45.070422535
Schwarzhäusern;44.964871194
Thunstetten;39.400428266
Ursenbach;42.778541953
Wynau;36.872037915
Bern;56.037357487
Bolligen;59.375
Bremgarten bei Bern;62.060301508
Kirchlindach;65.151515152
Köniz;51.656209471
Muri bei Bern;56.952503761
Oberbalm;54.415954416
Stettlen;54.061251664
Vechigen;54.478707783
Wohlen bei Bern;57.06991916
Zollikofen;50.205519671
Ittigen;46.516111264
Ostermundigen;41.300643696
Biel/Bienne;35.893836927
Evilard;53.311617807
Arch;37.853107345
Büetigen;47.734138973
Büren an der Aare;45.217745218
Diessbach bei Büren;54.322766571
Dotzigen;44.454628781
Lengnau (BE);38.931065897
Leuzigen;37.537537538
Meinisberg;41.987179487
Oberwil bei Büren;46.153846154
Pieterlen;31.293570875
Rüti bei Büren;38.461538462
Wengi;49.130434783
Aefligen;42.034313725
Alchenstorf;50.106157113
Bäriswil;52.841596131
Burgdorf;47.037444003
Ersigen;50.891210817
Hasle bei Burgdorf;43.978243978
Heimiswil;48.82664648
Hindelbank;43.259668508
Höchstetten;44.8
Kernenried;43.680709534
Kirchberg (BE);45.096652522
Koppigen;44.712990937
Krauchthal;45.907660021
Lyssach;47.960108794
Mötschwil;52
Oberburg;45.944584383
Rüdtligen-Alchenflüh;37.516254876
Rumendingen;63.492063492
Willadingen;61.714285714
Wynigen;52.483927528
Corgémont;43.627031651
Cormoret;43.264248705
Cortébert;40.889830508
Courtelary;35.834155972
La Ferrière;32.281553398
Mont-Tramelan;45.871559633
Orvin;36.73245614
Renan (BE);33.753501401
Romont (BE);36.809815951
Saint-Imier;29.947746571
Sonceboz-Sombeval;30.575256107
Sonvilier;30.529953917
Tramelan;39.759407773
Villeret;36.26707132
Sauge;30.756578947
Péry-La Heutte;31.018518519
Brüttelen;44.736842105
Erlach;47.755102041
Finsterhennen;47.813411079
Gals;38.29787234
Gampelen;40.601503759
Ins;51.345668629
Lüscherz;40.326340326
Müntschemier;47.800925926
Siselen;45.708154506
Treiten;55.627009646
Tschugg;50.949367089
Vinelz;47.737226277
Bätterkinden;46.988906498
Diemerswil;57.926829268
Fraubrunnen;53.977128335
Jegenstorf;54.702048417
Iffwil;53.374233129
Mattstetten;50.216450216
Moosseedorf;41.473149492
Münchenbuchsee;46.973158195
Urtenen-Schönbühl;40.652173913
Utzenstorf;46.156156156
Wiggiswil;60.975609756
Wiler bei Utzenstorf;38.639455782
Zielebach;37.959183673
Zuzwil (BE);60.434782609
Adelboden;57.95582179
Aeschi bei Spiez;56.494611458
Frutigen;53.715459298
Kandergrund;47.566718995
Kandersteg;51.38427464
Krattigen;48.639825898
Reichenbach im Kandertal;48.154719659
Beatenberg;48.888888889
Bönigen;41.425619835
Brienz (BE);45.905081898
Brienzwiler;47.619047619
Därligen;40.584415584
Grindelwald;43.060765191
Gsteigwiler;46.496815287
Gündlischwand;36
Habkern;56.479690522
Hofstetten bei Brienz;45.205479452
Interlaken;42.149236531
Iseltwald;45.535714286
Lauterbrunnen;41.501976285
Leissigen;47.037914692
Lütschental;40.425531915
Matten bei Interlaken;41.488241488
Niederried bei Interlaken;40.727272727
Oberried am Brienzersee;38.043478261
Ringgenberg (BE);41.738251642
Saxeten;44.565217391
Schwanden bei Brienz;48.453608247
Unterseen;46.937304828
Wilderswil;45.266425246
Arni (BE);48.051948052
Biglen;48.723404255
Bowil;42.351900973
Brenzikofen;50.956937799
Freimettigen;46.551724138
Grosshöchstetten;53.558052434
Häutligen;50.925925926
Herbligen;50.643776824
Kiesen;49.931972789
Konolfingen;50.294406281
Landiswil;52.51396648
Linden;49.581395349
Mirchel;39.219712526
Münsingen;51.586638831
Niederhünigen;50.463821892
Oberdiessbach;50.585223116
Oberthal;45.571658615
Oppligen;49.328214971
Rubigen;50.419426049
Walkringen;47.216494845
Worb;47.369063606
Zäziwil;48.742903487
Oberhünigen;61.825726141
Allmendingen;61.797752809
Wichtrach;46.389891697
Ferenbalm;50.3125
Frauenkappelen;53.171247357
Gurbrü;61.780104712
Kriechenwil;41.011235955
Laupen;46.338215712
Mühleberg;47.386609071
Münchenwiler;42.602040816
Neuenegg;42.965972575
Wileroltigen;50
Belprahon;43.852459016
Champoz;67.1875
Corcelles (BE);38.823529412
Court;39.275220372
Crémines;39.107611549
Eschert;35.606060606
Grandval;35.971223022
Loveresse;35.496183206
Moutier;39.024918743
Perrefitte;39.457831325
Reconvilier;37.682119205
Roches (BE);37.820512821
Saicourt;40.966386555
Saules (BE);50.406504065
Schelten;25.714285714
Seehof;41.071428571
Sorvilier;33.333333333
Tavannes;33.318014706
Rebévelier;74.285714286
Petit-Val;54.952076677
Valbirse;38.484734263
La Neuveville;38.484509145
Nods;33.553719008
Plateau de Diesse;34.647705236
Aegerten;34.871456823
Bellmund;49.88028731
Brügg;35.625664658
Bühl;44.881889764
Epsach;49.603174603
Hagneck;45.945945946
Hermrigen;39.84375
Jens;55.534709193
Ipsach;44.440677966
Ligerz;59.207459207
Merzligen;47.76119403
Mörigen;52.761627907
Nidau;39.221488732
Orpund;37.088477366
Port;44.058295964
Safnern;45.708446866
Scheuren;38.418079096
Schwadernau;41.550695825
Studen (BE);36.124401914
Sutz-Lattrigen;50.194931774
Täuffelen;47.541723049
Walperswil;48.567708333
Worben;42.257515598
Twann-Tüscherz;49.945828819
Därstetten;57.754800591
Diemtigen;49.005910801
Erlenbach im Simmental;48.995695839
Oberwil im Simmental;60.698027314
Reutigen;50
Spiez;49.723256516
Wimmis;47.968337731
Stocken-Höfen;41.190765492
Guttannen;61.574074074
Hasliberg;43.838862559
Innertkirchen;40.792540793
Meiringen;45.772685042
Schattenhalb;43.356643357
Boltigen;49.716981132
Lenk;47.733478973
St. Stephan;62.9417383
Zweisimmen;51.782608696
Gsteig;43.633762518
Lauenen;52.893890675
Saanen;49.571858366
Guggisberg;44.27244582
Rüschegg;39.739190117
Schwarzenburg;48.327003075
Belp;48.860638043
Burgistein;52.863436123
Gerzensee;54.49790795
Gurzelen;50.983358548
Jaberg;57.391304348
Kaufdorf;61.25
Kehrsatz;51.443375278
Kirchdorf (BE);53.986486486
Kirchenthurnen;49.333333333
Lohnstorf;62.068965517
Mühlethurnen;58.266309205
Riggisberg;51.038575668
Rüeggisberg;49.700996678
Rümligen;56.703910615
Seftigen;47.648136836
Toffen;51.134564644
Uttigen;52.56097561
Wattenwil;46.140939597
Wald (BE);52.463768116
Eggiwil;40.572556762
Langnau im Emmental;44.86565576
Lauperswil;41.081081081
Röthenbach im Emmental;44.995044599
Rüderswil;41.494194851
Schangnau;54.155844156
Signau;48.855311355
Trub;39.928315412
Trubschachen;44.224137931
Amsoldingen;49.090909091
Blumenstein;43.719571568
Buchholterberg;54.820717131
Eriz;51.693002257
Fahrni;51.212121212
Heiligenschwendi;51.291512915
Heimberg;40.497826946
Hilterfingen;55.275590551
Homberg;53.684210526
Horrenbach-Buchen;59.550561798
Oberhofen am Thunersee;59.770114943
Oberlangenegg;50
Pohlern;46.315789474
Schwendibach;51.546391753
Sigriswil;54.734468938
Steffisburg;46.586209807
Teuffenthal (BE);58.041958042
Thierachern;50.423728814
Thun;42.772951902
Uebeschi;55.769230769
Uetendorf;50.413043478
Unterlangenegg;47.5
Wachseldorn;52.51396648
Zwieselberg;52.742616034
Forst-Längenbühl;55.806451613
Affoltern im Emmental;53.404255319
Dürrenroth;47.368421053
Eriswil;41.549295775
Huttwil;44.682017544
Lützelflüh;47.752307234
Rüegsau;48.089292471
Sumiswald;40.801886792
Trachselwald;43.548387097
Walterswil (BE);48.917748918
Wyssachen;44.703389831
Attiswil;43.005181347
Berken;70
Bettenhausen;47.663551402
Farnern;47.457627119
Graben;48.863636364
Heimenhausen;40.184757506
Herzogenbuchsee;44.057084608
Inkwil;44.359464627
Niederbipp;35.858418789
Niederönz;45.819935691
Oberbipp;41.847389558
Ochlenberg;55.416666667
Rumisberg;51.785714286
Seeberg;48.459167951
Thörigen;43.037974684
Walliswil bei Niederbipp;46.285714286
Walliswil bei Wangen;39.215686275
Wangen an der Aare;40.626920713
Wangenried;44.542772861
Wiedlisbach;36.740829826
Wolfisberg;48.076923077
Doppleschwand;50.877192982
Entlebuch;55.074807926
Flühli;64.673913043
Hasle (LU);55.52260934
Romoos;63.600782779
Schüpfheim;60.619610348
Werthenstein;49.82911825
Escholzmatt-Marbach;52.918403812
Aesch (LU);50.825082508
Altwis;50.877192982
Ballwil;51.042196238
Emmen;36.603028308
Ermensee;55.122655123
Eschenbach (LU);54.405540593
Hitzkirch;51.363140676
Hochdorf;44.640848465
Hohenrain;59.041016753
Inwil;48.507042254
Rain;55.03992016
Römerswil;53.639240506
Rothenburg;54.176567355
Schongau;46.471371505
Adligenswil;54.245043213
Buchrain;44.298463064
Dierikon;33.6400818
Ebikon;40.110261026
Gisikon;42.477876106
Greppen;49.45799458
Honau;43.243243243
Horw;51.543624161
Kriens;45.375013336
Luzern;49.449351626
Malters;48.117870722
Meggen;58.782742681
Meierskappel;46.417112299
Root;36.854381873
Schwarzenberg;54.071146245
Udligenswil;56.699751861
Vitznau;47.440273038
Weggis;50.017355085
Beromünster;52.414553473
Büron;44.614361702
Buttisholz;53.887399464
Eich;57.470355731
Geuensee;43.398392652
Grosswangen;54.054054054
Hildisrieden;58.367586612
Knutwil;47.29981378
Mauensee;50.656660413
Neuenkirch;46.536025337
Nottwil;51.572327044
Oberkirch;56.619633744
Rickenbach (LU);48.388581952
Ruswil;54.060963618
Schenkon;54.923903312
Schlierbach;57.5
Sempach;59.275410936
Sursee;51.288586803
Triengen;46.93658187
Wolhusen;49.544958136
Alberswil;46.137339056
Altbüron;49.108367627
Altishofen;50.392927308
Dagmersellen;43.962264151
Ebersecken;62.730627306
Egolzwil;49.818181818
Ettiswil;50.179763739
Fischbach;47.826086957
Gettnau;46.713286713
Grossdietwil;52.904238619
Hergiswil bei Willisau;51.378809869
Luthern;46.344086022
Menznau;56.262135922
Nebikon;45.04324684
Pfaffnau;43.504366812
Reiden;40.251716247
Roggliswil;44.741873805
Schötz;41.681260946
Ufhusen;51.259259259
Wauwil;46.292296616
Wikon;39.494949495
Zell (LU);46.702923182
Willisau;53.922274199
Altdorf (UR);50.856627592
Andermatt;42.857142857
Attinghausen;48.764940239
Bauen;60.606060606
Bürglen (UR);44.31410883
Erstfeld;44.422546315
Flüelen;47.602004295
Göschenen;48.366013072
Gurtnellen;41.888619855
Hospental;36.805555556
Isenthal;41.755319149
Realp;53.333333333
Schattdorf;45.911949686
Seedorf (UR);51.529051988
Seelisberg;37.060041408
Silenen;36.96369637
Sisikon;39.574468085
Spiringen;37.758112094
Unterschächen;48.529411765
Wassen;45.52238806
Einsiedeln;49.465811966
Gersau;51.295336788
Feusisberg;48.319952423
Freienbach;46.784201714
Wollerau;50.807479813
Küssnacht (SZ);51.966682092
Altendorf;48.163178129
Galgenen;45.449189985
Innerthal;54.605263158
Lachen;46.058170685
Reichenburg;39.196617336
Schübelbach;37.488457987
Tuggen;42.977031802
Vorderthal;39.42428035
Wangen (SZ);43.915198238
Alpthal;57.510729614
Arth;47.603305785
Illgau;53.758169935
Ingenbohl;51.620825147
Lauerz;53.875476493
Morschach;51.805555556
Muotathal;50.4315197
Oberiberg;59.661495063
Riemenstalden;69.090909091
Rothenthurm;55.806654112
Sattel;52.949852507
Schwyz;53.133022725
Steinen;49.454682211
Steinerberg;48.231966054
Unteriberg;53.956043956
Alpnach;50.822755054
Engelberg;60.483579935
Giswil;50.702662722
Kerns;55.191972077
Lungern;58.03237858
Sachseln;54.144241119
Sarnen;56.841964046
Beckenried;49.740548554
Buochs;48.894736842
Dallenwil;52.047189452
Emmetten;42.911877395
Ennetbürgen;52.503576538
Ennetmoos;46.35193133
Hergiswil (NW);50.211917228
Oberdorf (NW);53.606487409
Stans;52.436808194
Stansstad;47.080291971
Wolfenschiessen;52.655150352
Glarus Nord;34.856799863
Glarus Süd;46.864310148
Glarus;41.124713083
Baar;50.287868403
Cham;48.526164186
Hünenberg;56.158940397
Menzingen;55.651066539
Neuheim;54.583333333
Oberägeri;57.524464427
Risch;44.89089541
Steinhausen;49.659216992
Unterägeri;53.77476352
Walchwil;60.103871577
Zug;54.520358868
Châtillon (FR);48.467966574
Cheiry;39.416058394
Cugy (FR);47.512864494
Fétigny;42.613636364
Gletterens;40.440165062
Lully (FR);42.127071823
Ménières;43.773584906
Montagny (FR);36.740331492
Nuvilly;39.867109635
Prévondavaux;53.333333333
Saint-Aubin (FR);45.293072824
Sévaz;46.961325967
Surpierre;32.046332046
Vallon;36.917562724
Les Montets;37.091675448
Delley-Portalban;41.119221411
Belmont-Broye;37.678904792
Estavayer;39.557939217
Cheyres-Châbles;43.145925458
Auboranges;42.564102564
Billens-Hennens;40.767824497
Chapelle (Glâne);47.02970297
Le Châtelard;43.511450382
Châtonnaye;43.262411348
Ecublens (FR);42.276422764
Grangettes;48.920863309
Massonnens;62.039660057
Mézières (FR);43.902439024
Montet (Glâne);34.117647059
Romont (FR);41.231488698
Rue;41.609421001
Siviriez;42.547603414
Ursy;34.500959693
Villaz;45.812182741
Vuisternens-devant-Romont;43.304668305
Villorsonnens;40.81237911
Torny;42.12962963
La Folliaz;45.321637427
Haut-Intyamon;43.542074364
Pont-en-Ogoz;44.750558451
Botterens;42.5
Broc;40.906106369
Bulle;40.881485337
Châtel-sur-Montsalvens;51.136363636
Corbières;45.559210526
Crésuz;55.118110236
Echarlens;45.569620253
Grandvillard;48.615916955
Gruyères;44.771723122
Hauteville;40.887850467
Jaun;47.580645161
Marsens;45.211930926
Morlon;52.338530067
Le Pâquier (FR);48.226950355
Pont-la-Ville;45.153664303
Riaz;44.176931691
La Roche;40.455341506
Sâles;50.246791708
Sorens;51.568894952
Vaulruz;48.095909732
Vuadens;43.344051447
Bas-Intyamon;42.348008386
Val-de-Charmey;47.547605309
Arconciel;42.128935532
Autigny;41.917293233
Avry;49.710982659
Belfaux;45.858148349
Chénens;34.146341463
Corminboeuf;53.036876356
Corserey;42.142857143
Cottens (FR);46.194503171
Ependes (FR);50.277777778
Ferpicloz;43.75
Fribourg;46.589238459
Givisiez;40.863579474
Granges-Paccot;37.273198548
Grolley;45.053147997
Marly;47.181628392
Matran;49.695121951
Neyruz (FR);46.507462687
Noréaz;47.410358566
Pierrafortscha;54.867256637
Ponthaux;37.403100775
Le Mouret;39.981659789
Prez;45.874125874
Senèdes;57.272727273
Treyvaux;51.960784314
Villars-sur-Glâne;47.680722892
Villarsel-sur-Marly;61.70212766
Hauterive (FR);43.868212325
La Brillaz;44.061583578
La Sonnaz;43.566878981
Gibloux;41.279069767
Courgevaux;39.489671932
Courtepin;39.124140427
Cressier (FR);46.587030717
Fräschels;57.471264368
Galmiz;44.444444444
Gempenach;45.634920635
Greng;64.341085271
Gurmels;41.927167257
Kerzers;42.50245018
Kleinbösingen;43.103448276
Meyriez;61.711711712
Misery-Courtion;33.905579399
Muntelier;53.491620112
Murten;46.112407973
Ried bei Kerzers;49.808917197
Ulmiz;42.898550725
Mont-Vully;42.841369157
Alterswil;46.258064516
Brünisried;37.83269962
Düdingen;45.527075199
Giffers;37.807986406
Bösingen;42.817679558
Heitenried;44.817927171
Plaffeien;38.292507205
Plasselb;37.684729064
Rechthalten;40.571428571
St. Antoni;45.175169023
St. Silvester;38.311688312
St. Ursen;49.235474006
Schmitten (FR);47.648472365
Tafers;48.513169074
Tentlingen;40.53518335
Ueberstorf;46.893255443
Wünnewil-Flamatt;41.632653061
Attalens;36.762075134
Bossonnens;36.434977578
Châtel-Saint-Denis;37.435137139
Granges (Veveyse);45.500848896
Remaufens;42.225201072
Saint-Martin (FR);41.643454039
Semsales;44.306418219
Le Flon;41.118012422
La Verrerie;40.892193309
Egerkingen;42.455482662
Härkingen;48.328816621
Kestenholz;50.474799123
Neuendorf;45.649432535
Niederbuchsiten;40.201567749
Oberbuchsiten;40.902679831
Oensingen;40.023201856
Wolfwil;45.578635015
Aedermannsdorf;57.456140351
Balsthal;47.504302926
Gänsbrunnen;58.823529412
Herbetswil;51.03926097
Holderbank (SO);43.75
Laupersdorf;52.154195011
Matzendorf;48.29600779
Mümliswil-Ramiswil;53.624733475
Welschenrohr-Gänsbrunnen;49.382716049
Biezwil;44.22310757
Lüterkofen-Ichertswil;44.242424242
Lüterswil-Gächliwil;53.816793893
Messen;47.266313933
Schnottwil;44.555555556
Unterramsern;50.279329609
Lüsslingen-Nennigkofen;46.153846154
Buchegg;49.230769231
Bättwil;40.458937198
Büren (SO);49.001331558
Dornach;46.380820655
Gempen;51.360544218
Hochwald;52.282157676
Hofstetten-Flüh;44.550843593
Metzerlen-Mariastein;44.034090909
Nuglar-St. Pantaleon;45.283018868
Rodersdorf;55.653883972
Seewen;42.583732057
Witterswil;45.664739884
Hauenstein-Ifenthal;53.67965368
Kienberg;43.434343434
Lostorf;48.020654045
Niedergösgen;43.779800607
Obergösgen;44.374120956
Rohr (SO);44.444444444
Stüsslingen;49.58283671
Trimbach;37.634713556
Winznau;45.102339181
Wisen (SO);51.470588235
Erlinsbach (SO);43.808745403
Aeschi (SO);46.453546454
Biberist;41.438356164
Bolken;45.154185022
Deitingen;50.756200847
Derendingen;38.57442348
Etziken;41.666666667
Gerlafingen;36.989409985
Halten;48.952095808
Horriwil;47.158218126
Hüniken;58.260869565
Kriegstetten;46.823770492
Lohn-Ammannsegg;51.067696502
Luterbach;43.627246135
Obergerlafingen;40.51054384
Oekingen;50.558213716
Recherswil;42.03480589
Subingen;42.377495463
Zuchwil;37.561083963
Drei Höfe;47.899159664
Balm bei Günsberg;63.125
Bellach;43.49568434
Bettlach;41.106604867
Feldbrunnen-St. Niklaus;65.167095116
Flumenthal;42.125984252
Grenchen;34.63965798
Günsberg;46.501614639
Hubersdorf;43.793103448
Kammersrohr;56.25
Langendorf;49.504950495
Lommiswil;52.140410959
Oberdorf (SO);54.198473282
Riedholz;47.697756789
Rüttenen;57.105263158
Selzach;40.432612313
Boningen;39.162112933
Däniken;41.632016632
Dulliken;39.196179865
Eppenberg-Wöschnau;36.363636364
Fulenbach;43.701399689
Gretzenbach;46.430644225
Gunzgen;38.306789606
Hägendorf;43.042270904
Kappel (SO);42.361761949
Olten;49.339092873
Rickenbach (SO);37.313432836
Schönenwerd;38.13755796
Starrkirch-Wil;57.36497545
Walterswil (SO);35.357142857
Wangen bei Olten;40.962009804
Solothurn;53.414572226
Bärschwil;42.457231726
Beinwil (SO);53.623188406
Breitenbach;41.014198783
Büsserach;38.755980861
Erschwil;48.563218391
Fehren;45.435244161
Grindel;39.598997494
Himmelried;44.945355191
Kleinlützel;38.923395445
Meltingen;47.368421053
Nunningen;47.428958051
Zullwil;43.254817987
Basel;49.393949312
Bettingen;60.664819945
Riehen;54.376292212
Aesch (BL);35.596248325
Allschwil;37.710283931
Arlesheim;48.486799742
Biel-Benken;49.081257656
Binningen;47.583493088
Birsfelden;35.040726817
Bottmingen;50.292260931
Ettingen;42.216854536
Münchenstein;42.120860714
Muttenz;40.406617829
Oberwil (BL);44.722598106
Pfeffingen;51.213735938
Reinach (BL);39.088023535
Schönenbuch;46.061167748
Therwil;42.203952113
Blauen;48.888888889
Brislach;33.910891089
Burg im Leimental;43.127962085
Dittingen;38.389513109
Duggingen;38.173076923
Grellingen;36.402753873
Laufen;41.151919866
Liesberg;40.67207416
Nenzlingen;38.988095238
Roggenburg;35.682819383
Röschenz;47.263681592
Wahlen;36.621004566
Zwingen;31.743958197
Arisdorf;41.06557377
Augst;45.685997171
Bubendorf;47.810913706
Frenkendorf;40.692286727
Füllinsdorf;41.492748497
Giebenach;36.070381232
Hersberg;51.219512195
Lausen;42.046163444
Liestal;46.119336025
Lupsingen;49.714285714
Pratteln;34.259919221
Ramlinsburg;54.05904059
Seltisberg;57.434402332
Ziefen;54.061135371
Anwil;47.867298578
Böckten;48.979591837
Buckten;47.717842324
Buus;41.584158416
Diepflingen;39.245283019
Gelterkinden;46.530707923
Häfelfingen;48.947368421
Hemmiken;42.512077295
Itingen;44.468390805
Känerkinden;48.529411765
Kilchberg (BL);69.230769231
Läufelfingen;48.016701461
Maisprach;48.350071736
Nusshof;43.62745098
Oltingen;58.469945355
Ormalingen;41.776710684
Rickenbach (BL);47.139588101
Rothenfluh;45.226130653
Rümlingen;46.468401487
Rünenberg;59.228187919
Sissach;50.235747964
Tecknau;34.930139721
Tenniken;38.737446198
Thürnen;36.772777168
Wenslingen;54.481546573
Wintersingen;48.155737705
Wittinsburg;56.666666667
Zeglingen;55.380577428
Zunzgen;42.464985994
Arboldswil;52.008928571
Bennwil;40
Bretzwil;40.924657534
Diegten;42.522974102
Eptingen;46.428571429
Hölstein;41.401273885
Lampenberg;54.12371134
Langenbruck;40.028490028
Lauwil;38.524590164
Liedertswil;47.933884298
Niederdorf;37.864887406
Oberdorf (BL);40.267175573
Reigoldswil;44.235695986
Titterten;54.938271605
Waldenburg;36.452513966
Gächlingen;64.64339909
Löhningen;66.828793774
Neunkirch;66.541117389
Büttenhardt;67.845659164
Dörflingen;66.568483063
Lohn (SH);70.555555556
Stetten (SH);73.416289593
Thayngen;65.547191662
Bargen (SH);56.768558952
Beringen;57.327858497
Buchberg;68.215892054
Merishausen;76.241134752
Neuhausen am Rheinfall;50.270774977
Rüdlingen;63.066202091
Schaffhausen;57.711593326
Beggingen;69.72972973
Schleitheim;62.191103789
Siblingen;59.293394777
Buch (SH);59.615384615
Hemishofen;62.75659824
Ramsen;58.830022075
Stein am Rhein;57.905982906
Hallau;62.540716612
Oberhallau;67.164179104
Trasadingen;63.116883117
Wilchingen;65.657370518
Herisau;35.771971496
Hundwil;38.525730181
Schönengrund;45.25
Schwellbrunn;50.850340136
Stein (AR);49.764816557
Urnäsch;41.133896261
Waldstatt;50.115651503
Bühler;42.946990117
Gais;45.293072824
Speicher;47.617554859
Teufen (AR);44.555084746
Trogen;51.639969489
Grub (AR);38.942976356
Heiden;38.995046001
Lutzenberg;34.490740741
Rehetobel;44.235116805
Reute (AR);41.634980989
Wald (AR);38.68065967
Walzenhausen;33.0472103
Wolfhalden;33.612804878
Appenzell;50.195465207
Gonten;54.921803128
Rüte;53.645066274
Schlatt-Haslen;47.435897436
Schwende-Rüte;51.26870527
Oberegg;40.551724138
Häggenschwil;53.870292887
Muolen;46.875
St. Gallen;42.893115698
Wittenbach;38.826530612
Berg (SG);52.333333333
Eggersriet;47.6075106
Goldach;38.439452795
Mörschwil;53.990258524
Rorschach;34.835566382
Rorschacherberg;42.453464902
Steinach;37.323321555
Tübach;49.440488301
Untereggen;51.994851995
Au (SG);37.129785697
Balgach;43.113176236
Berneck;45.984251969
Diepoldsau;39.147088866
Rheineck;37.407407407
St. Margrethen;35.419126328
Thal;36.652902599
Widnau;37.649964714
Altstätten;40.263837109
Eichberg;46.772591857
Marbach (SG);45.156591406
Oberriet (SG);42.602040816
Rebstein;38.544061303
Rüthi (SG);46.042670337
Buchs (SG);37.115174246
Gams;45.906163753
Grabs;42.211270624
Sennwald;38.612933458
Sevelen;38.793103448
Wartau;43.177257525
Bad Ragaz;40.08097166
Flums;34.96348047
Mels;42.812336644
Pfäfers;48.961156278
Quarten;41.48257241
Sargans;44.740346205
Vilters-Wangs;46.184250532
Walenstadt;40.480640854
Amden;42.151805453
Benken (SG);41.09922179
Kaltbrunn;36.672051696
Schänis;39.731142644
Weesen;40.390879479
Schmerikon;38.494623656
Uznach;38.57628893
Rapperswil-Jona;44.126604307
Gommiswald;42.714785887
Eschenbach (SG);40.180759804
Ebnat-Kappel;49.076745528
Wildhaus-Alt St. Johann;50.678241997
Nesslau;50.313768918
Hemberg;54.984423676
Lichtensteig;43.114241002
Oberhelfenschwil;51.434878587
Neckertal;43.302180685
Wattwil;44.641550841
Kirchberg (SG);43.828960155
Lütisburg;50.761904762
Mosnang;55.672570608
Bütschwil-Ganterschwil;47.118542849
Degersheim;45.254037022
Flawil;39.803888981
Jonschwil;45.081332301
Oberuzwil;42.961342086
Uzwil;38.267242508
Niederbüren;53.384175405
Niederhelfenschwil;46.569741027
Oberbüren;40.500641849
Zuzwil (SG);50.590318772
Wil (SG);45.680901377
Andwil (SG);49.929478138
Gaiserwald;45.768025078
Gossau (SG);39.294647324
Waldkirch;51.246424193
Vaz/Obervaz;47.555077915
Lantsch/Lenz;47.179487179
Schmitten (GR);41.758241758
Albula/Alvra;38.438133874
Surses;39.438202247
Bergün Filisur;50.151975684
Brusio;40.985442329
Poschiavo;41.987973116
Falera;57.268722467
Laax;45.184025059
Sagogn;51.183970856
Schluein;35.012594458
Vals;43.388429752
Lumnezia;48.277875073
Ilanz/Glion;44.324482054
Fürstenau;50
Rothenbrunnen;52.036199095
Scharans;49.693251534
Sils im Domleschg;41.896024465
Cazis;39.050632911
Flerden;57.062146893
Masein;55.284552846
Thusis;37.738771296
Tschappina;66.981132075
Urmein;64.705882353
Safiental;52.20293725
Domleschg;51.595092025
Avers;51.655629139
Sufers;52.525252525
Andeer;47.014925373
Casti-Wergenstein;70.731707317
Donat;54.320987654
Lohn (GR);73.170731707
Mathon;54
Rongellen;43.58974359
Zillis-Reischen;45.614035088
Ferrera;43.75
Rheinwald;48.305084746
Bonaduz;42.620232172
Domat/Ems;39.193925234
Rhäzüns;41.253791709
Felsberg;46.629526462
Flims;45.340314136
Tamins;46.251441753
Trin;50.142450142
Zernez;51.214953271
Samnaun;32.156862745
Scuol;42.641160136
Valsot;40.11627907
Bever;45.898004435
Celerina/Schlarigna;41.315519013
Madulain;50.37037037
Pontresina;44.1898527
La Punt Chamues-ch;37.715517241
Samedan;41.757105943
St. Moritz;43.661432401
S-chanf;46.473029046
Sils im Engadin/Segl;45.161290323
Silvaplana;35.660091047
Zuoz;49.929278642
Bregaglia;40.346534653
Buseno;60.273972603
Castaneda;35.319148936
Rossa;39.622641509
Santa Maria in Calanca;43.181818182
Lostallo;38.782608696
Mesocco;34.064785789
Soazza;40.408163265
Cama;23.160762943
Grono;31.909845789
Roveredo (GR);35.101789019
San Vittore;33.848797251
Calanca;33.333333333
Val Müstair;43.541835906
Davos;41.838676621
Fideris;45.492662474
Furna;49.358974359
Jenaz;39.908779932
Klosters;43.476874003
Conters im Prättigau;47.878787879
Küblis;37.942664418
Luzein;43.330638642
Chur;42.730482227
Churwalden;41.942446043
Arosa;39.458955224
Maladers;35.866983373
Tschiertschen-Praden;39.50617284
Haldenstein;57.17791411
Trimmis;43.934972905
Untervaz;38.243316967
Zizers;39.051546392
Fläsch;44.549763033
Jenins;49.487554905
Maienfeld;45.729303548
Malans;52.317880795
Landquart;35.269217745
Grüsch;44.971172325
Schiers;37.936593229
Seewis im Prättigau;39.577329491
Breil/Brigels;44.635193133
Disentis/Mustér;48.119325551
Medel (Lucmagn);40.298507463
Sumvitg;59.136546185
Tujetsch;47.520661157
Trun;46.858908342
Obersaxen Mundaun;49.623250807
Aarau;57.109283196
Biberstein;57.872696817
Buchs (AG);45.845272206
Densbüren;45.225225225
Erlinsbach (AG);54.723462728
Gränichen;43.774471417
Hirschthal;44.80349345
Küttigen;55.73049317
Muhen;44.407652686
Oberentfelden;39.768976898
Suhr;46.792114695
Unterentfelden;49.405006155
Baden;54.083590556
Bellikon;52.559726962
Bergdietikon;44.515783842
Birmenstorf (AG);47.25388601
Ennetbaden;65.573770492
Fislisbach;43.437037037
Freienwil;58.425414365
Gebenstorf;44.535270966
Killwangen;39.732888147
Künten;45.070422535
Mägenwil;40.87024087
Mellingen;41.39941691
Neuenhof;34.20084122
Niederrohrdorf;52.028284332
Oberrohrdorf;53.797019163
Obersiggenthal;50.61500615
Remetschwil;51.843971631
Spreitenbach;25.977594589
Stetten (AG);41.880969875
Turgi;44.125326371
Untersiggenthal;49.36919781
Wettingen;49.98407136
Wohlenschwil;45.56097561
Würenlingen;47.283561164
Würenlos;46.956728483
Ehrendingen;48.96124031
Arni (AG);47.903726708
Berikon;46.521189121
Bremgarten (AG);44.103053435
Büttikon;39.72392638
Dottikon;40.772316951
Eggenwil;51.688693098
Fischbach-Göslikon;40.660377358
Hägglingen;47.253396338
Jonen;46.148555708
Niederwil (AG);45.082402977
Oberlunkhofen;50.974930362
Oberwil-Lieli;56.161971831
Rudolfstetten-Friedlisberg;39.399696049
Sarmenstorf;43.885254152
Tägerig;51.768488746
Uezwil;44.47592068
Unterlunkhofen;45.131086142
Villmergen;37.457379445
Widen;51.776649746
Wohlen (AG);42.325968163
Zufikon;46.906866077
Islisberg;52.913752914
Auenstein;51.741716228
Birr;36.749116608
Birrhard;43.228200371
Bözen;47.909407666
Brugg;52.257781675
Effingen;48.341232227
Elfingen;42.794759825
Habsburg;59.574468085
Hausen (AG);46.153846154
Lupfig;47.061589093
Mandach;51.836734694
Mönthal;40.677966102
Mülligen;46.629213483
Remigen;56.147021546
Riniken;56.211180124
Rüfenach;53.611556982
Schinznach-Bad;46.5
Thalheim (AG);50.080256822
Veltheim (AG);42.829076621
Villigen;48.171206226
Villnachern;46.973803071
Windisch;48.639532269
Bözberg;52.683732453
Schinznach;53.358681876
Beinwil am See;48.697137975
Birrwil;49.824970828
Burg (AG);32.310469314
Dürrenäsch;50.964812713
Gontenschwil;43.011478731
Holziken;37.574552684
Leimbach (AG);42.772861357
Leutwil;50.259067358
Menziken;34.479582438
Oberkulm;43.271461717
Reinach (AG);35.065232319
Schlossrued;43.464566929
Schmiedrued;40.787949015
Schöftland;46.510873093
Teufenthal (AG);41.603053435
Unterkulm;40.826446281
Zetzwil;49.635796046
Eiken;34.171195652
Frick;43.195785777
Gansingen;54.012738854
Gipf-Oberfrick;50.934393638
Herznach-Ueken;46.585594013
Hornussen;34.281200632
Kaisten;40.545050056
Laufenburg;45.971802618
Münchwilen (AG);42.238267148
Oberhof;50.502512563
Oeschgen;38.778409091
Schwaderloch;35.280373832
Sisseln;30.371900826
Ueken;40.032948929
Wittnau;53.326509724
Wölflinswil;48.812664908
Zeihen;56.477987421
Mettauertal;46.260387812
Ammerswil;44.190871369
Boniswil;48.452611219
Brunegg;36.911487759
Dintikon;40.311804009
Egliswil;46.428571429
Fahrwangen;37.715517241
Hallwil;39.698492462
Hendschiken;39.675174014
Holderbank (AG);35.436241611
Hunzenschwil;33.638743455
Lenzburg;50.761890103
Meisterschwanden;46.971153846
Möriken-Wildegg;49.097222222
Niederlenz;42.309124767
Othmarsingen;39.406053684
Rupperswil;48.884321785
Schafisheim;45.273377619
Seengen;54.38957476
Seon;45.125
Staufen;51.107531212
Abtwil;39.634146341
Aristau;41.958041958
Auw;39.563862928
Beinwil (Freiamt);46.871310508
Besenbüren;45.995423341
Bettwil;50.440528634
Boswil;42.571582928
Bünzen;51.728907331
Buttwil;45.528455285
Dietwil;40.787949015
Geltwil;49.681528662
Kallern;47.328244275
Merenschwand;48.295454545
Mühlau;41.214470284
Muri (AG);43.72074883
Oberrüti;41.222114452
Rottenschwil;45.96651446
Sins;40.168128655
Waltenschwil;42.322834646
Hellikon;39.800995025
Kaiseraugst;32.772061116
Magden;47.619047619
Möhlin;34.682338938
Mumpf;28.718535469
Obermumpf;40.35326087
Olsberg;50.367647059
Rheinfelden;44.358840428
Schupfart;49.912739965
Stein (AG);36.594663278
Wallbach;43.567874911
Wegenstetten;42.690815006
Zeiningen;41.044776119
Zuzgen;40.15503876
Aarburg;36.349534643
Bottenwil;45.95959596
Brittnau;44.791301298
Kirchleerau;48.465266559
Kölliken;39.382504288
Moosleerau;43.364197531
Murgenthal;38.007010516
Oftringen;33.438313022
Reitnau;49.441340782
Rothrist;36.635579799
Safenwil;36.053054662
Staffelbach;40.066592675
Strengelbach;41.56196944
Uerkheim;40.497512438
Vordemwald;44.932432432
Wiliberg;65
Zofingen;52.556390977
Baldingen;42.564102564
Böbikon;56.488549618
Böttstein;41.641641642
Döttingen;41.214534594
Endingen;53.056234719
Fisibach;43.682310469
Full-Reuenthal;47.916666667
Kaiserstuhl;46.6367713
Klingnau;45.769230769
Koblenz;34.615384615
Leibstadt;44.666666667
Lengnau (AG);50.481798715
Leuggern;50
Mellikon;56.862745098
Rekingen (AG);35.404896422
Rietheim;40.932642487
Rümikon;41.666666667
Schneisingen;48.003629764
Siglistorf;46.666666667
Tegerfelden;42.767295597
Wislikofen;50
Zurzach;42.620809752
Arbon;31.696159865
Dozwil;51.002227171
Egnach;47.260909935
Hefenhofen;38.948626045
Horn;39.748110831
Kesswil;55.945121951
Roggwil (TG);40.481704493
Romanshorn;37.810331534
Salmsach;37.170263789
Sommeri;45.569620253
Uttwil;46.555819477
Amriswil;34.757611394
Bischofszell;41.181364393
Erlen;41.914498141
Hauptwil-Gottshaus;40.711743772
Hohentannen;49.082568807
Kradolf-Schönenberg;42.985208427
Sulgen;40.796645702
Zihlschlacht-Sitterdorf;43.734643735
Basadingen-Schlattingen;42.733699921
Diessenhofen;42.143838754
Schlatt (TG);44.6485623
Aadorf;41.692282802
Felben-Wellhausen;38.73431533
Frauenfeld;44.049602073
Gachnang;43.567349681
Hüttlingen;52.166666667
Matzingen;37.328767123
Neunforn;47.994987469
Stettfurt;51.732101617
Thundorf;49.183477426
Uesslingen-Buch;51.466992665
Warth-Weiningen;50.464396285
Altnau;43.562978427
Bottighofen;48.426150121
Ermatingen;48.746238716
Gottlieben;61.271676301
Güttingen;53.588516746
Kemmental;42.077151335
Kreuzlingen;41.827316275
Langrickenbach;48.948598131
Lengwil;42.79959718
Münsterlingen;44.525547445
Tägerwilen;41.091360066
Wäldi;49.421965318
Affeltrangen;42.999414177
Bettwiesen;36.607142857
Bichelsee-Balterswil;43.330039526
Braunau;53.012048193
Eschlikon;45.597182197
Fischingen;46.191646192
Lommis;47.735191638
Münchwilen (TG);39.811643836
Rickenbach (TG);33.242134063
Schönholzerswilen;48.387096774
Sirnach;38.62083247
Tobel-Tägerschen;42.803030303
Wängi;43.861813695
Wilen (TG);41.375222288
Wuppenau;52.570694087
Berlingen;54.529616725
Eschenz;46.296296296
Herdern;51.392405063
Homburg;53.430924062
Hüttwilen;53.744855967
Mammern;53.246753247
Müllheim;40.990990991
Pfyn;43.020758769
Raperswilen;54.276315789
Salenstein;49.694749695
Steckborn;43.898231997
Wagenhausen;45.462878093
Amlikon-Bissegg;48.580121704
Berg (TG);50.064850843
Birwinken;49.893162393
Bürglen (TG);39.632545932
Bussnang;46.869300912
Märstetten;50.353892821
Weinfelden;46.428571429
Wigoltingen;45.661538462
Arbedo-Castione;46.967699407
Bellinzona;47.897005276
Cadenazzo;42.938254081
Isone;69.055374593
Lumino;62.6953125
Sant'Antonino;49.544863459
Acquarossa;43.112947658
Blenio;48.547717842
Serravalle;50.05387931
Airolo;65.483234714
Bedretto;52.941176471
Bodio;57.466063348
Dalpe;67.532467532
Faido;54.006638217
Giornico;48.15498155
Personico;56.302521008
Pollegio;50.681818182
Prato (Leventina);58.450704225
Quinto;60.606060606
Ascona;49.294980259
Verzasca;44.720496894
Brione sopra Minusio;51.704545455
Brissago;50.843558282
Corippo;46.153846154
Frasco;47.663551402
Gordola;50.795631825
Lavertezzo;44.913151365
Locarno;41.362480935
Losone;45.055192611
Mergoscia;44.943820225
Minusio;51.061173533
Muralto;50.220507166
Orselina;52.983725136
Ronco sopra Ascona;51.658767773
Sonogno;36.470588235
Tenero-Contra;43.716116313
Vogorno;42.687747036
Onsernone;42.78544542
Cugnasco-Gerra;48.979591837
Agno;45.815324165
Aranno;45.98540146
Arogno;54.868421053
Astano;47.674418605
Bedano;51.612903226
Bedigliora;46.833013436
Bioggio;50.781671159
Bissone;53
Brusino Arsizio;50.716332378
Cademario;47.85046729
Cadempino;53.952991453
Canobbio;49.127704117
Caslano;46.726862302
Comano;65.205479452
Croglio;42.578710645
Cureglia;56.262425447
Curio;45.515695067
Grancia;37.966101695
Gravesano;48.837209302
Lamone;47.572815534
Lugano;46.569875058
Magliaso;47.822141561
Manno;55.855855856
Maroggia;52.442159383
Massagno;47.99875892
Melano;45.317919075
Melide;51.221995927
Mezzovico-Vira;57.446808511
Miglieglia;36.842105263
Monteggio;47.892074199
Morcote;53.6159601
Muzzano;72.24137931
Neggio;57.735849057
Novaggio;48.694316436
Origlio;55.694980695
Paradiso;43.802647413
Ponte Capriasca;51.921627732
Tresa;48.111332008
Porza;57.142857143
Pura;56.779661017
Rovio;54.181184669
Savosa;54.952076677
Sessa;48.804780876
Sorengo;54.162679426
Capriasca;50.555114988
Torricella-Taverne;49.211528004
Vernate;44.552058111
Vezia;52.475247525
Vico Morcote;50.934579439
Collina d'Oro;60.58971593
Alto Malcantone;53.923357664
Monteceneri;52.340145023
Balerna;53.020446097
Castel San Pietro;57.067137809
Chiasso;49.211711712
Coldrerio;55.34351145
Mendrisio;55.01630539
Morbio Inferiore;51.963746224
Novazzano;58.620689655
Riva San Vitale;53.854389722
Stabio;49.507227332
Vacallo;55.806299953
Breggia;54.403497814
Biasca;49.458483755
Riviera;48.260335653
Bosco/Gurin;46.666666667
Campo (Vallemaggia);44.262295082
Cerentino;42.553191489
Cevio;50.531286895
Linescio;51.162790698
Maggia;49.095607235
Lavizzara;54.838709677
Avegno Gordevio;52.967625899
Terre di Pedemonte;57.289527721
Centovalli;45.178197065
Gambarogno;43.183082916
Aigle;36.574450773
Bex;39.483989864
Chessel;47.058823529
Corbeyrier;53.86996904
Gryon;44.831880448
Lavey-Morcles;38.360655738
Leysin;39.322736697
Noville;40.332326284
Ollon;47.391623806
Ormont-Dessous;43.908629442
Ormont-Dessus;47.537473233
Rennaz;26.943005181
Roche (VD);31.481481481
Villeneuve (VD);36.145454545
Yvorne;48.26147427
Apples;47.523709168
Aubonne;49.89059081
Ballens;51.506024096
Berolle;44.230769231
Bière;40.290178571
Bougy-Villars;51.094890511
Féchy;54.132231405
Gimel;38.366718028
Longirod;49.068322981
Marchissy;41.139240506
Mollens (VD);42.995169082
Montherod;38.951310861
Saint-George;46.021840874
Saint-Livres;50
Saint-Oyens;47.509578544
Saubraz;39.484978541
Avenches;35.83221776
Cudrefin;35.528596187
Faoug;36.440677966
Vully-les-Lacs;37.314697162
Bettens;38.50129199
Bournens;46.218487395
Boussens;40.428790199
La Chaux (Cossonay);45.353159851
Chavannes-le-Veyron;59.375
Chevilly;50.925925926
Cossonay;42.671538774
Cottens (VD);46.540880503
Cuarnens;45.045045045
Daillens;46.367851623
Dizy;44.512195122
Eclépens;44.163150492
Ferreyres;56.422018349
Gollion;46.056782334
Grancy;55
L'Isle;40.525587828
Lussery-Villars;41.935483871
Mauraz;61.363636364
Mex (VD);39.635535308
Moiry;54.347826087
Mont-la-Ville;47.400611621
Montricher;52.702702703
Orny;43.75
Pampigny;42.913385827
Penthalaz;35.981062599
Penthaz;40.301318267
Pompaples;36.755646817
La Sarraz;40.845070423
Senarclens;46.296296296
Sévery;39.285714286
Sullens;40.783744557
Vufflens-la-Ville;47.806004619
Assens;45.006839945
Bercher;43.757575758
Bioley-Orjulaz;47.839506173
Bottens;42.523364486
Bretigny-sur-Morrens;46.972477064
Cugy (VD);46.520376176
Echallens;41.463414634
Essertines-sur-Yverdon;44.152046784
Etagnières;39.424460432
Fey;40.688259109
Froideville;47.175480769
Morrens (VD);46.016483516
Oulens-sous-Echallens;51.612903226
Pailly;44.8
Penthéréaz;49.342105263
Poliez-Pittet;42.5
Rueyres;58.888888889
Saint-Barthélemy (VD);39.685314685
Villars-le-Terroir;42.540073983
Vuarrens;40.536277603
Montilliez;44.728171334
Goumoëns;46.540027137
Bonvillars;48.760330579
Bullet;49.612403101
Champagne;38.438880707
Concise;45.468277946
Corcelles-près-Concise;46.181818182
Fiez;46.278317152
Fontaines-sur-Grandson;38.888888889
Giez;46.043165468
Grandevent;46.706586826
Grandson;41.130514706
Mauborget;56.701030928
Mutrux;44.537815126
Novalles;56.338028169
Onnens (VD);43.695014663
Provence;41.868512111
Sainte-Croix;42.247466994
Tévenon;45.43946932
Belmont-sur-Lausanne;46.962305987
Cheseaux-sur-Lausanne;40.410447761
Crissier;37.887845147
Epalinges;49.180025797
Jouxtens-Mézery;53.463203463
Lausanne;39.724503634
Le Mont-sur-Lausanne;42.996418623
Paudex;45.885005637
Prilly;37.397283247
Pully;49.165315272
Renens (VD);34.019138756
Romanel-sur-Lausanne;39.422135162
Chexbres;47.129695252
Forel (Lavaux);45.703703704
Lutry;49.141429909
Puidoux;46.231792274
Rivaz;57.551020408
Saint-Saphorin (Lavaux);56.277056277
Savigny;49.808978032
Bourg-en-Lavaux;53.674121406
Aclens;46.394984326
Bremblens;47.297297297
Buchillon;57.175925926
Bussigny;39.072847682
Bussy-Chardonney;58.208955224
Chavannes-près-Renens;33.555481506
Chigny;48.780487805
Clarmont;38.13559322
Denens;52.380952381
Denges;46.585903084
Echandens;47.550251256
Echichens;49.390862944
Ecublens (VD);35.104698223
Etoy;47.443365696
Lavigny;48.044692737
Lonay;46.730653869
Lully (VD);49.162011173
Lussy-sur-Morges;51.168224299
Morges;44.305588305
Préverenges;42.911479945
Reverolle;49.618320611
Romanel-sur-Morges;50.759878419
Saint-Prex;43.175487465
Saint-Sulpice (VD);52.464616886
Tolochenaz;48.330241187
Vaux-sur-Morges;68.548387097
Villars-Sainte-Croix;44.097222222
Villars-sous-Yens;49.388753056
Vufflens-le-Château;54.706927176
Vullierens;51.470588235
Yens;51.525821596
Boulens;46.992481203
Bussy-sur-Moudon;44.230769231
Chavannes-sur-Moudon;55
Curtilles;47.111111111
Dompierre (VD);53.631284916
Hermenches;48
Lovatens;45.045045045
Lucens;39.933206107
Moudon;45.479345284
Ogens;42.487046632
Prévonloup;39.552238806
Rossenges;54.347826087
Syens;49.473684211
Villars-le-Comte;46.464646465
Vucherens;51.058201058
Montanaire;46.284153005
Arnex-sur-Nyon;46.376811594
Arzier-Le Muids;46.593830334
Bassins;46.707317073
Begnins;42.234332425
Bogis-Bossey;38.949671772
Borex;45.44
Chavannes-de-Bogis;35.368956743
Chavannes-des-Bois;41.913439636
Chéserex;46.027742749
Coinsins;44.164037855
Commugny;47.062986553
Coppet;46.349413299
Crans;46.335504886
Crassier;38.578680203
Duillier;41.842900302
Eysins;38.565022422
Founex;43.961927424
Genolier;52.062328139
Gingins;48.484848485
Givrins;49.828178694
Gland;37.202072539
Grens;49.593495935
Mies;41.860465116
Nyon;39.020415988
Prangins;43.854258121
La Rippe;44.674556213
Saint-Cergue;33.612273361
Signy-Avenex;44.76744186
Tannay;48.205128205
Trélex;53.234960272
Le Vaud;45.793269231
Vich;35.73943662
L'Abergement;53.888888889
Agiez;46.511627907
Arnex-sur-Orbe;51.473922902
Ballaigues;43.926553672
Baulmes;45.504840941
Bavois;42.253521127
Bofflens;49.342105263
Bretonnières;52.459016393
Chavornay;36.856277348
Les Clées;58.015267176
Croy;45.333333333
Juriens;45.418326693
Lignerolle;48.581560284
Montcherand;42.342342342
Orbe;35.31598513
La Praz;47.154471545
Premier;53.594771242
Rances;55.23255814
Romainmôtier-Envy;53.116531165
Sergey;48.514851485
Valeyres-sous-Rances;48.969072165
Vallorbe;36.7695962
Vaulion;42.329545455
Vuiteboeuf;38.481675393
Corcelles-le-Jorat;60
Essertes;51.394422311
Maracon;51.841359773
Montpreveyres;43.256997455
Ropraz;43.046357616
Servion;45.329249617
Vulliens;51.105651106
Jorat-Menthue;46.182846371
Oron;42.405618964
Jorat-Mézières;45.531914894
Champtauroz;47.777777778
Chevroux;40.599455041
Corcelles-près-Payerne;41.902834008
Grandcour;43.042071197
Henniez;34.615384615
Missy;51.62601626
Payerne;35.260115607
Trey;40.211640212
Treytorrens (Payerne);50.632911392
Villarzel;42.207792208
Valbroye;42.328835582
Château-d'Oex;39.389534884
Rossinière;37.466307278
Rougemont;39.387308534
Allaman;41.245136187
Bursinel;42.652329749
Bursins;46.169772257
Burtigny;44.827586207
Dully;52.108433735
Essertines-sur-Rolle;48.441247002
Gilly;47.112860892
Luins;41.964285714
Mont-sur-Rolle;44.02211472
Perroy;49.210206561
Rolle;43.537906137
Tartegnin;54.411764706
Vinzel;45.25862069
L'Abbaye;46.251217137
Le Chenit;41.547277937
Le Lieu;51.729818781
Blonay - Saint-Légier;46.661470512
Chardonne;48.85177453
Corseaux;52.30125523
Corsier-sur-Vevey;41.901776385
Jongny;51.680672269
Montreux;38.66161824
Saint-Légier-La Chiésaz;50.221238938
La Tour-de-Peilz;44.269695646
Vevey;38.947593126
Veytaux;38.104448743
Belmont-sur-Yverdon;45.2
Bioley-Magnoux;56.593406593
Chamblon;46.86716792
Champvent;45.227272727
Chavannes-le-Chêne;38.938053097
Chêne-Pâquier;53.465346535
Cheseaux-Noréaz;54.378818737
Cronay;52.142857143
Cuarny;45.402298851
Démoret;63.793103448
Donneloye;42.589437819
Ependes (VD);44.444444444
Mathod;45.605700713
Molondin;50.303030303
Montagny-près-Yverdon;44.094488189
Oppens;49.579831933
Orges;40.277777778
Orzens;59.74025974
Pomy;49.636363636
Rovray;64.227642276
Suchy;46.115288221
Suscévaz;44.936708861
Treycovagnes;40.557275542
Ursins;41.558441558
Valeyres-sous-Montagny;44.12371134
Valeyres-sous-Ursins;56.451612903
Villars-Epeney;60.563380282
Vugelles-La Mothe;38.202247191
Yverdon-les-Bains;38.063799189
Yvonand;39.482758621
Brig-Glis;55.824557594
Eggerberg;65.957446809
Naters;63.047382235
Ried-Brig;62.85338593
Simplon;70.114942529
Termen;63.259668508
Zwischbergen;57.692307692
Ardon;49.916247906
Chamoson;54.182804028
Conthey;51.392681595
Nendaz;57.212249208
Vétroz;50.707988245
Val de Bagnes;44.759206799
Bourg-Saint-Pierre;72
Liddes;60.329067642
Orsières;61.069767442
Sembrancher;52.167630058
Vollèges;52.419955324
Bellwald;48.014440433
Binn;51.886792453
Ernen;60.442260442
Fiesch;52.761627907
Fieschertal;61.904761905
Lax;66.055045872
Obergoms;63.636363636
Goms;60.64171123
Ayent;62.07250342
Evolène;70.327102804
Hérémence;64.427217916
Saint-Martin (VS);66.865671642
Vex;58.782742681
Noble-Contrée;59.027777778
Agarn;69.190140845
Albinen;53.5
Ergisch;85.350318471
Inden;48.571428571
Leuk;67.590319186
Leukerbad;55.03875969
Oberems;50.925925926
Salgesch;70.98540146
Varen;59.96131528
Guttet-Feschel;62.917933131
Gampel-Bratsch;73.288135593
Turtmann-Unterems;72.147239264
Bovernier;55.12195122
Charrat;48.956356736
Fully;54.817569961
Isérables;56.515151515
Leytron;55.998189226
Martigny;47.18052348
Martigny-Combe;52.466091245
Riddes;52.476864453
Saillon;56.684179802
Saxon;42.506650902
Trient;48.695652174
Champéry;60.092807425
Collombey-Muraz;40.301763316
Monthey;44.826184184
Port-Valais;40.574662603
Saint-Gingolph;46.023688663
Troistorrents;52.502274795
Val-d'Illiez;54.936896808
Vionnaz;44.758064516
Vouvry;41.800908715
Bister;67.857142857
Bitsch;57.392473118
Grengiols;55.425219941
Riederalp;67.301587302
Ausserberg;71.686746988
Blatten;79.310344828
Bürchen;61.881188119
Eischoll;70.350404313
Ferden;70.183486239
Kippel;78.417266187
Niedergesteln;64.727272727
Raron;62.879884226
Unterbäch;57.584269663
Wiler (Lötschen);81.235154394
Mörel-Filet;59.9609375
Steg-Hohtenn;73.067119796
Bettmeralp;50.613496933
Collonges;44.92481203
Dorénaz;51.131221719
Evionnaz;48.90776699
Finhaut;55.111111111
Massongex;51.314673452
Saint-Maurice;52.941176471
Salvan;62.88372093
Vernayaz;50.985432734
Vérossaz;60.37037037
Chalais;53.398470688
Chippis;58.00807537
Grône;53.608247423
Icogne;53.015075377
Lens;61.365494685
Miège;64.262648009
Saint-Léonard;61.448741559
Sierre;52.604488367
Venthône;66.630669546
Veyras;70.180959874
Anniviers;59.946380697
Crans-Montana;58.049040512
Arbaz;62.472885033
Grimisuat;60.051216389
Savièse;64.134118067
Sion;51.740604556
Veysonnaz;61.845386534
Baltschieder;59.20084122
Eisten;66.666666667
Embd;60.344827586
Grächen;50.572320499
Lalden;66.804123711
Randa;63.157894737
Saas-Almagell;79.442508711
Saas-Balen;70.181818182
Saas-Fee;63.459459459
Saas-Grund;68.915343915
St. Niklaus;53.614457831
Stalden (VS);64.624277457
Staldenried;73.626373626
Täsch;46.31147541
Törbel;76.674937965
Visp;54.721786834
Visperterminen;67.962085308
Zeneggen;63.255813953
Zermatt;47.773138483
Boudry;35.366859027
Corcelles-Cormondrèche;48.017621145
Cortaillod;39.840255591
Peseux;36.138613861
Rochefort;47.927199191
Milvignes;44.033998039
La Grande Béroche;41.233873635
La Chaux-de-Fonds;37.336419478
Les Planchettes;51.552795031
La Sagne;43.583815029
Les Brenets;42.208588957
La Brévine;49.808429119
Brot-Plamboz;46.859903382
Le Cerneux-Péquignot;48.529411765
La Chaux-du-Milieu;51.861702128
Le Locle;38.417018614
Les Ponts-de-Martel;50.457782299
Cornaux;38.147410359
Cressier (NE);43.846153846
Enges;52.06185567
Hauterive (NE);46.428571429
Le Landeron;39.84
Lignières;42.228739003
Neuchâtel;41.038778381
Saint-Blaise;49.519890261
La Tène;40.623994854
Valangin;44.876325088
Val-de-Ruz;41.670302819
La Côte-aux-Fées;46.315789474
Les Verrières;29.107142857
Val-de-Travers;32.90186237
Aire-la-Ville;49.79757085
Anières;52.3158694
Avully;39.024390244
Avusy;47.205588822
Bardonnex;49.180327869
Bellevue;41.771356784
Bernex;43.74019454
Carouge (GE);40.363091566
Cartigny;53.422370618
Céligny;44.230769231
Chancy;36.963350785
Chêne-Bougeries;45.209672482
Chêne-Bourg;38.640996602
Choulex;51.56462585
Collex-Bossy;49.555555556
Collonge-Bellerive;48.948046372
Cologny;47.046487242
Confignon;47.255291005
Corsier (GE);49.306122449
Dardagny;38.77159309
Genève;39.615149311
Genthod;47.791694133
Le Grand-Saconnex;36.167094174
Gy;49.83277592
Hermance;47.098976109
Jussy;44.62915601
Laconnex;52.192066806
Lancy;36.120642947
Meinier;43.889716841
Meyrin;33.414195867
Onex;35.733443367
Perly-Certoux;40.578918624
Plan-les-Ouates;41.852378694
Pregny-Chambésy;47.849106552
Presinge;47.161572052
Puplinge;45.83610926
Russin;52.710843373
Satigny;45.849297573
Soral;47.602739726
Thônex;40.643544771
Troinex;53.422904671
Vandoeuvres;52.423822715
Vernier;33.281035497
Versoix;37.330943458
Veyrier;46.417537149
Boécourt;41.39941691
Bourrignon;51.502145923
Châtillon (JU);48.179271709
Courchapoix;41.975308642
Courrendlin;38.127240143
Courroux;39.657444005
Courtételle;39.576547231
Delémont;41.481192243
Develier;42.648592284
Ederswiler;35
Mervelier;42.191142191
Mettembert;63.291139241
Movelier;40
Pleigne;46.372239748
Rossemaison;49.802371542
Saulcy;50.46728972
Soyhières;45.994065282
Haute-Sorne;38.817635271
Val Terbi;37.616161616
Le Bémont (JU);48.763250883
Les Bois;34.235171696
Les Breuleux;43.49005425
La Chaux-des-Breuleux;39.56043956
Les Enfers;53.719008264
Les Genevez (JU);39.058823529
Lajoux (JU);40.909090909
Montfaucon;44.276457883
Muriaux;45.057471264
Le Noirmont;39.423076923
Saignelégier;45.037037037
Saint-Brais;50.769230769
Soubey;35.416666667
Alle;47.512617159
Beurnevésin;35.652173913
Boncourt;41.147378833
Bonfol;37.913907285
Bure;44.563279857
Coeuve;45.259391771
Cornol;43.317422434
Courchavon;57.575757576
Courgenay;45.402298851
Courtedoux;50.082372323
Damphreux-Lugnez;52
Fahy;40
Fontenais;52.582159624
Grandfontaine;48
Lugnez;42
Porrentruy;45.11647788
Vendlincourt;44.171779141
Basse-Allaine;41.578947368
Clos du Doubs;43.582640813
Haute-Ajoie;44.747474747
La Baroche;47.881355932
ZH-Ausland-CH;19.125168237
LU-Ausland-CH;23.424449506
UR-Ausland-CH;20.089285714
FR-CH de l'étranger;25.971401927
BS-Ausland-CH;19.220600069
AI-Ausland-CH;12.472647702
SG-Ausland-CH;21.242989585
AG-Ausland-CH;18.215218022
TG-Ausland-CH;22.54927054
VD-CH de l'étranger;20.155353607
VS-CH de l'étranger;21.01042502
GE-CH de l'étranger;20.943010019
